V44_CONTAINER_KEY,container_title,scopus_container_rows,document_type,publication,V44_UNIQUE_CONTAINER_EVENT,V44_REQUIRED_FOLLOWUP
13th international conference on networked systems netys 2025,"13th International Conference on Networked Systems, NETYS 2025",1,Conference Review,Lecture Notes in Computer Science,True,CHECK_TABLE_OF_CONTENTS_FOR_POTENTIALLY_ELIGIBLE_CONSTITUENT_PAPERS
14th conference on innovative data systems research cidr 2024,"14th Conference on Innovative Data Systems Research, CIDR 2024",1,Conference Review,14th Conference on Innovative Data Systems Research Cidr 2024,True,CHECK_TABLE_OF_CONTENTS_FOR_POTENTIALLY_ELIGIBLE_CONSTITUENT_PAPERS
16th eai international conference on digital forensics and cyber crime icdf2c 2025,"16th EAI International Conference on Digital Forensics and Cyber Crime, ICDF2C 2025",1,Conference Review,Lecture Notes of the Institute for Computer Sciences Social Informatics and Telecommunications Engineering Lnicst,True,CHECK_TABLE_OF_CONTENTS_FOR_POTENTIALLY_ELIGIBLE_CONSTITUENT_PAPERS
16th international conference on game theory and ai for security gamesec 2025,"16th International Conference on Game Theory and AI for Security, GameSec 2025",2,Conference Review,Lecture Notes in Computer Science,True,CHECK_TABLE_OF_CONTENTS_FOR_POTENTIALLY_ELIGIBLE_CONSTITUENT_PAPERS
18th international conference on agents and artificial intelligence icaart 2026,"18th International Conference on Agents and Artificial Intelligence, ICAART 2026",5,Conference Review,International Conference on Agents and Artificial Intelligence,True,CHECK_TABLE_OF_CONTENTS_FOR_POTENTIALLY_ELIGIBLE_CONSTITUENT_PAPERS
2026 3rd world conference on computer and information security wccis 2026,"2026 3rd World Conference on Computer and Information Security, WCCIS 2026",1,Conference Review,2026 3rd World Conference on Computer and Information Security Wccis 2026,True,CHECK_TABLE_OF_CONTENTS_FOR_POTENTIALLY_ELIGIBLE_CONSTITUENT_PAPERS
2026 international conference on artificial intelligence systems and emerging technologies icaiset 2026,"2026 International Conference on Artificial Intelligence, Systems, and Emerging Technologies, ICAISET 2026",1,Conference Review,2026 International Conference on Artificial Intelligence Systems and Emerging Technologies Icaiset 2026,True,CHECK_TABLE_OF_CONTENTS_FOR_POTENTIALLY_ELIGIBLE_CONSTITUENT_PAPERS
22nd international conference on intelligent computing icic 2026,"22nd International Conference on Intelligent Computing, ICIC 2026",1,Conference Review,Lecture Notes in Computer Science,True,CHECK_TABLE_OF_CONTENTS_FOR_POTENTIALLY_ELIGIBLE_CONSTITUENT_PAPERS
23rd international symposium on knowledge and systems sciences kss 2024,"23rd International Symposium on Knowledge and Systems Sciences, KSS 2024",1,Conference Review,Communications in Computer and Information Science,True,CHECK_TABLE_OF_CONTENTS_FOR_POTENTIALLY_ELIGIBLE_CONSTITUENT_PAPERS
26th international conference on web engineering icwe 2026,"26th International Conference on Web Engineering, ICWE 2026",1,Conference Review,Lecture Notes in Computer Science,True,CHECK_TABLE_OF_CONTENTS_FOR_POTENTIALLY_ELIGIBLE_CONSTITUENT_PAPERS
28th international conference on pattern recognition icpr 2026,"28th International Conference on Pattern Recognition, ICPR 2026",1,Conference Review,Lecture Notes in Computer Science,True,CHECK_TABLE_OF_CONTENTS_FOR_POTENTIALLY_ELIGIBLE_CONSTITUENT_PAPERS
29th international conference on engineering of complex computer systems iceccs 2025,"29th International Conference on Engineering of Complex Computer Systems, ICECCS 2025",1,Conference Review,Lecture Notes in Computer Science,True,CHECK_TABLE_OF_CONTENTS_FOR_POTENTIALLY_ELIGIBLE_CONSTITUENT_PAPERS
4th international scientific and practical conference on digital and information technologies in economics and management ditem 2024,"4th International Scientific and Practical Conference on Digital and Information Technologies in Economics and Management, DITEM 2024",1,Conference Review,Lecture Notes in Networks and Systems,True,CHECK_TABLE_OF_CONTENTS_FOR_POTENTIALLY_ELIGIBLE_CONSTITUENT_PAPERS
7th international conference on applied machine learning and data analytics amlda 2024,"7th International Conference on Applied Machine Learning and Data Analytics, AMLDA 2024",1,Conference Review,Communications in Computer and Information Science,True,CHECK_TABLE_OF_CONTENTS_FOR_POTENTIALLY_ELIGIBLE_CONSTITUENT_PAPERS
9th international conference on intelligent computing and communication icicc 2026,"9th International Conference on Intelligent Computing and Communication, ICICC 2026",1,Conference Review,Lecture Notes in Networks and Systems,True,CHECK_TABLE_OF_CONTENTS_FOR_POTENTIALLY_ELIGIBLE_CONSTITUENT_PAPERS
a test 2024 proceedings of the 15th acm international workshop on automating test case design selection and evaluation co located with ssta 2024,"A-TEST 2024 - Proceedings of the 15th ACM International Workshop on Automating Test Case Design, Selection and Evaluation, Co-located with: SSTA 2024",1,Conference Review,A Test 2024 Proceedings of the 15th ACM International Workshop on Automating Test Case Design Selection and Evaluation Co Located with Ssta 2024,True,CHECK_TABLE_OF_CONTENTS_FOR_POTENTIALLY_ELIGIBLE_CONSTITUENT_PAPERS
fifth international conference on artificial intelligence automation and algorithms ai2a 2025,"Fifth International Conference on Artificial Intelligence, Automation, and Algorithms, AI2A 2025",1,Conference Review,Proceedings of SPIE the International Society for Optical Engineering,True,CHECK_TABLE_OF_CONTENTS_FOR_POTENTIALLY_ELIGIBLE_CONSTITUENT_PAPERS
proceedings 2025 40th ieee acm international conference on automated software engineering workshops asew 2025,"Proceedings - 2025 40th IEEE/ACM International Conference on Automated Software Engineering Workshops, ASEW 2025",1,Conference Review,Proceedings 2025 40th IEEE ACM International Conference on Automated Software Engineering Workshops Asew 2025,True,CHECK_TABLE_OF_CONTENTS_FOR_POTENTIALLY_ELIGIBLE_CONSTITUENT_PAPERS
proceedings 2026 ieee international conference on artificial intelligence testing aitest 2026,"Proceedings - 2026 IEEE International Conference on Artificial Intelligence Testing, AITest 2026",1,Conference Review,Proceedings 2026 IEEE International Conference on Artificial Intelligence Testing Aitest 2026,True,CHECK_TABLE_OF_CONTENTS_FOR_POTENTIALLY_ELIGIBLE_CONSTITUENT_PAPERS
proceedings 2026 ieee international conference on software services engineering sse 2026,"Proceedings - 2026 IEEE International Conference on Software Services Engineering, SSE 2026",1,Conference Review,Proceedings 2026 IEEE International Conference on Software Services Engineering Sse 2026,True,CHECK_TABLE_OF_CONTENTS_FOR_POTENTIALLY_ELIGIBLE_CONSTITUENT_PAPERS
