scopus_result_rank,eid,scopus_id,doi,title,publication,issn,eissn,volume,issue,page_range,cover_date,cover_display_date,document_type,subtype,cited_by,aggregation_type,open_access,scopus_url,agent_signal,action_signal,decision_basis,decision_basis_matches,dependency_binding,dependency_binding_matches,temporal_validity,temporal_validity_matches,conflict_detection,conflict_detection_matches,revalidation,revalidation_matches,authority_validity,authority_validity_matches,commit_binding,commit_binding_matches,effect_validation,effect_validation_matches,recovery,recovery_matches,formal_assurance,formal_assurance_matches,dimension_count,matched_dimensions,candidate_flag,candidate_priority,review_flag,abstract,abstract_source,manual_decision,manual_reason,evidence_notes,full_text_needed,recovered_abstract,recovery_source,recovered_doi,recovered_title,title_similarity,doi_disagreement,abstract_resolved,recall_mechanism_flags,recall_priority,eligibility_decision,eligibility_reason,manual_screen_required,v13_abstract,v13_source,v13_recovered_title,v13_recovered_doi,v13_title_similarity,v13_doi_disagreement,v13_status,v13_eligibility_decision,v13_manual_screen_required,v20_status,v20_source,v20_recovered_title,v20_recovered_doi,v20_title_similarity,v20_abstract,v20_evidence_url,v20_doi_disagreement,v20_eligibility_decision,v20_manual_screen_required,V22_RETRIEVAL_SIGNALS,V22_SIGNAL_COUNT,V22_RETRIEVAL_PRIORITY,V22_ELIGIBILITY_DECISION,V22_TITLE_ONLY_EXCLUSION,V22_FULLTEXT_REQUIRED,V29_RECORD_KIND,V29_EVIDENCE_STATUS,V29_ELIGIBILITY_DECISION,V29_TITLE_ONLY_EXCLUSION,V29_SOURCE_BACKED_EVIDENCE_REQUIRED
18,2-s2.0-105046473874,SCOPUS_ID:105046473874,,"22nd International Conference on Intelligent Computing, ICIC 2026",Lecture Notes in Computer Science,03029743,16113349,16649 LNCS,,,2027-01-01,2027,Conference Review,cr,0,Book Series,0,https://api.elsevier.com/content/abstract/scopus_id/105046473874,0,0,0,,0,,0,,0,,0,,0,,0,,0,,0,,0,,0,,0,LOW,1,,,,,,,,UNRESOLVED,,,,False,False,,D_NO_SIGNAL,,,True,,UNRESOLVED,,,,False,UNRESOLVED,,True,METADATA_OR_FULLTEXT_REQUIRED,,,,,,,False,,True,,0,D_RECALL_PROTECTION,,False,True,CONTAINER_OR_PROCEEDINGS,UNRESOLVED_RECALL_PROTECTION,,False,True
37,2-s2.0-105047001133,SCOPUS_ID:105047001133,,"28th International Conference on Pattern Recognition, ICPR 2026",Lecture Notes in Computer Science,03029743,16113349,16815 LNCS,,,2027-01-01,2027,Conference Review,cr,0,Book Series,0,https://api.elsevier.com/content/abstract/scopus_id/105047001133,0,0,0,,0,,0,,0,,0,,0,,0,,0,,0,,0,,0,,0,LOW,1,,,,,,,,UNRESOLVED,,,,False,False,,D_NO_SIGNAL,,,True,,UNRESOLVED,,,,False,UNRESOLVED,,True,METADATA_OR_FULLTEXT_REQUIRED,,,,,,,False,,True,,0,D_RECALL_PROTECTION,,False,True,CONTAINER_OR_PROCEEDINGS,UNRESOLVED_RECALL_PROTECTION,,False,True
343,2-s2.0-105029121072,SCOPUS_ID:105029121072,,"Fifth International Conference on Artificial Intelligence, Automation, and Algorithms, AI2A 2025",Proceedings of SPIE the International Society for Optical Engineering,0277786X,1996756X,14073,,,2026-01-21,21 January 2026,Conference Review,cr,0,Conference Proceeding,0,https://api.elsevier.com/content/abstract/scopus_id/105029121072,0,0,0,,0,,0,,0,,0,,0,,0,,0,,0,,0,,0,,0,LOW,1,,,,,,,,UNRESOLVED,,,,False,False,,D_NO_SIGNAL,,,True,,UNRESOLVED,,,,False,UNRESOLVED,,True,METADATA_OR_FULLTEXT_REQUIRED,,,,,,,False,,True,,0,D_RECALL_PROTECTION,,False,True,CONTAINER_OR_PROCEEDINGS,UNRESOLVED_RECALL_PROTECTION,,False,True
372,2-s2.0-105049269599,SCOPUS_ID:105049269599,,"2026 3rd World Conference on Computer and Information Security, WCCIS 2026",2026 3rd World Conference on Computer and Information Security Wccis 2026,,,,,,2026-01-01,2026,Conference Review,cr,0,Conference Proceeding,0,https://api.elsevier.com/content/abstract/scopus_id/105049269599,0,0,0,,0,,0,,0,,0,,0,,0,,0,,0,,0,,0,,0,LOW,1,,,,,,,,UNRESOLVED,,,,False,False,,D_NO_SIGNAL,,,True,,UNRESOLVED,,,,False,UNRESOLVED,,True,METADATA_OR_FULLTEXT_REQUIRED,,,,,,,False,,True,,0,D_RECALL_PROTECTION,,False,True,CONTAINER_OR_PROCEEDINGS,UNRESOLVED_RECALL_PROTECTION,,False,True
482,2-s2.0-105050777620,SCOPUS_ID:105050777620,,"Proceedings - 2026 IEEE International Conference on Software Services Engineering, SSE 2026",Proceedings 2026 IEEE International Conference on Software Services Engineering Sse 2026,,,,,,2026-01-01,2026,Conference Review,cr,0,Conference Proceeding,0,https://api.elsevier.com/content/abstract/scopus_id/105050777620,0,0,0,,0,,0,,0,,0,,0,,0,,0,,0,,0,,0,,0,LOW,1,,,,,,,,UNRESOLVED,,,,False,False,,D_NO_SIGNAL,,,True,,UNRESOLVED,,,,False,UNRESOLVED,,True,METADATA_OR_FULLTEXT_REQUIRED,,,,,,,False,,True,,0,D_RECALL_PROTECTION,,False,True,CONTAINER_OR_PROCEEDINGS,UNRESOLVED_RECALL_PROTECTION,,False,True
495,2-s2.0-105019497217,SCOPUS_ID:105019497217,,"13th International Conference on Networked Systems, NETYS 2025",Lecture Notes in Computer Science,03029743,16113349,15736 LNCS,,,2026-01-01,2026,Conference Review,cr,0,Book Series,0,https://api.elsevier.com/content/abstract/scopus_id/105019497217,0,0,0,,0,,0,,0,,0,,0,,0,,0,,0,,0,,0,,0,LOW,1,,,,,,,,UNRESOLVED,,,,False,False,,D_NO_SIGNAL,,,True,,UNRESOLVED,,,,False,UNRESOLVED,,True,METADATA_OR_FULLTEXT_REQUIRED,,,,,,,False,,True,,0,D_RECALL_PROTECTION,,False,True,CONTAINER_OR_PROCEEDINGS,UNRESOLVED_RECALL_PROTECTION,,False,True
528,2-s2.0-105035609744,SCOPUS_ID:105035609744,,"18th International Conference on Agents and Artificial Intelligence, ICAART 2026",International Conference on Agents and Artificial Intelligence,21843589,2184433X,1,,,2026-01-01,2026,Conference Review,cr,0,Conference Proceeding,0,https://api.elsevier.com/content/abstract/scopus_id/105035609744,0,0,0,,0,,0,,0,,0,,0,,0,,0,,0,,0,,0,,0,LOW,1,,,,,,,,UNRESOLVED,,,,False,False,,D_NO_SIGNAL,,,True,,UNRESOLVED,,,,False,UNRESOLVED,,True,METADATA_OR_FULLTEXT_REQUIRED,,,,,,,False,,True,,0,D_RECALL_PROTECTION,,False,True,CONTAINER_OR_PROCEEDINGS,UNRESOLVED_RECALL_PROTECTION,,False,True
536,2-s2.0-105041742631,SCOPUS_ID:105041742631,,"18th International Conference on Agents and Artificial Intelligence, ICAART 2026",International Conference on Agents and Artificial Intelligence,21843589,2184433X,5,,,2026-01-01,2026,Conference Review,cr,0,Conference Proceeding,0,https://api.elsevier.com/content/abstract/scopus_id/105041742631,0,0,0,,0,,0,,0,,0,,0,,0,,0,,0,,0,,0,,0,LOW,1,,,,,,,,UNRESOLVED,,,,False,False,,D_NO_SIGNAL,,,True,,UNRESOLVED,,,,False,UNRESOLVED,,True,METADATA_OR_FULLTEXT_REQUIRED,,,,,,,False,,True,,0,D_RECALL_PROTECTION,,False,True,CONTAINER_OR_PROCEEDINGS,UNRESOLVED_RECALL_PROTECTION,,False,True
540,2-s2.0-105041695010,SCOPUS_ID:105041695010,,"18th International Conference on Agents and Artificial Intelligence, ICAART 2026",International Conference on Agents and Artificial Intelligence,21843589,2184433X,4,,,2026-01-01,2026,Conference Review,cr,0,Conference Proceeding,0,https://api.elsevier.com/content/abstract/scopus_id/105041695010,0,0,0,,0,,0,,0,,0,,0,,0,,0,,0,,0,,0,,0,LOW,1,,,,,,,,UNRESOLVED,,,,False,False,,D_NO_SIGNAL,,,True,,UNRESOLVED,,,,False,UNRESOLVED,,True,METADATA_OR_FULLTEXT_REQUIRED,,,,,,,False,,True,,0,D_RECALL_PROTECTION,,False,True,CONTAINER_OR_PROCEEDINGS,UNRESOLVED_RECALL_PROTECTION,,False,True
547,2-s2.0-105041746382,SCOPUS_ID:105041746382,,"18th International Conference on Agents and Artificial Intelligence, ICAART 2026",International Conference on Agents and Artificial Intelligence,21843589,2184433X,3,,,2026-01-01,2026,Conference Review,cr,0,Conference Proceeding,0,https://api.elsevier.com/content/abstract/scopus_id/105041746382,0,0,0,,0,,0,,0,,0,,0,,0,,0,,0,,0,,0,,0,LOW,1,,,,,,,,UNRESOLVED,,,,False,False,,D_NO_SIGNAL,,,True,,UNRESOLVED,,,,False,UNRESOLVED,,True,METADATA_OR_FULLTEXT_REQUIRED,,,,,,,False,,True,,0,D_RECALL_PROTECTION,,False,True,CONTAINER_OR_PROCEEDINGS,UNRESOLVED_RECALL_PROTECTION,,False,True
561,2-s2.0-105020710076,SCOPUS_ID:105020710076,,"29th International Conference on Engineering of Complex Computer Systems, ICECCS 2025",Lecture Notes in Computer Science,03029743,16113349,15746 LNCS,,,2026-01-01,2026,Conference Review,cr,0,Book Series,0,https://api.elsevier.com/content/abstract/scopus_id/105020710076,0,0,0,,0,,0,,0,,0,,0,,0,,0,,0,,0,,0,,0,LOW,1,,,,,,,,UNRESOLVED,,,,False,False,,D_NO_SIGNAL,,,True,,UNRESOLVED,,,,False,UNRESOLVED,,True,METADATA_OR_FULLTEXT_REQUIRED,,,,,,,False,,True,,0,D_RECALL_PROTECTION,,False,True,CONTAINER_OR_PROCEEDINGS,UNRESOLVED_RECALL_PROTECTION,,False,True
569,2-s2.0-105041705308,SCOPUS_ID:105041705308,,"18th International Conference on Agents and Artificial Intelligence, ICAART 2026",International Conference on Agents and Artificial Intelligence,21843589,2184433X,2,,,2026-01-01,2026,Conference Review,cr,0,Conference Proceeding,0,https://api.elsevier.com/content/abstract/scopus_id/105041705308,0,0,0,,0,,0,,0,,0,,0,,0,,0,,0,,0,,0,,0,LOW,1,,,,,,,,UNRESOLVED,,,,False,False,,D_NO_SIGNAL,,,True,,UNRESOLVED,,,,False,UNRESOLVED,,True,METADATA_OR_FULLTEXT_REQUIRED,,,,,,,False,,True,,0,D_RECALL_PROTECTION,,False,True,CONTAINER_OR_PROCEEDINGS,UNRESOLVED_RECALL_PROTECTION,,False,True
571,2-s2.0-105045220064,SCOPUS_ID:105045220064,,"16th EAI International Conference on Digital Forensics and Cyber Crime, ICDF2C 2025",Lecture Notes of the Institute for Computer Sciences Social Informatics and Telecommunications Engineering Lnicst,18678211,1867822X,686 LNICST,,,2026-01-01,2026,Conference Review,cr,0,Book Series,0,https://api.elsevier.com/content/abstract/scopus_id/105045220064,0,0,0,,0,,0,,0,,0,,0,,0,,0,,0,,0,,0,,0,LOW,1,,,,,,,,UNRESOLVED,,,,False,False,,D_NO_SIGNAL,,,True,,UNRESOLVED,,,,False,UNRESOLVED,,True,METADATA_OR_FULLTEXT_REQUIRED,,,,,,,False,,True,,0,D_RECALL_PROTECTION,,False,True,CONTAINER_OR_PROCEEDINGS,UNRESOLVED_RECALL_PROTECTION,,False,True
657,2-s2.0-105020256076,SCOPUS_ID:105020256076,,"16th International Conference on Game Theory and AI for Security, GameSec 2025",Lecture Notes in Computer Science,03029743,16113349,16224 LNCS,,,2026-01-01,2026,Conference Review,cr,0,Book Series,0,https://api.elsevier.com/content/abstract/scopus_id/105020256076,0,0,0,,0,,0,,0,,0,,0,,0,,0,,0,,0,,0,,0,LOW,1,,,,,,,,UNRESOLVED,,,,False,False,,D_NO_SIGNAL,,,True,,UNRESOLVED,,,,False,UNRESOLVED,,True,METADATA_OR_FULLTEXT_REQUIRED,,,,,,,False,,True,,0,D_RECALL_PROTECTION,,False,True,CONTAINER_OR_PROCEEDINGS,UNRESOLVED_RECALL_PROTECTION,,False,True
658,2-s2.0-105020266571,SCOPUS_ID:105020266571,,"16th International Conference on Game Theory and AI for Security, GameSec 2025",Lecture Notes in Computer Science,03029743,16113349,16223 LNCS,,,2026-01-01,2026,Conference Review,cr,0,Book Series,0,https://api.elsevier.com/content/abstract/scopus_id/105020266571,0,0,0,,0,,0,,0,,0,,0,,0,,0,,0,,0,,0,,0,LOW,1,,,,,,,,UNRESOLVED,,,,False,False,,D_NO_SIGNAL,,,True,,UNRESOLVED,,,,False,UNRESOLVED,,True,METADATA_OR_FULLTEXT_REQUIRED,,,,,,,False,,True,,0,D_RECALL_PROTECTION,,False,True,CONTAINER_OR_PROCEEDINGS,UNRESOLVED_RECALL_PROTECTION,,False,True
723,2-s2.0-105042171381,SCOPUS_ID:105042171381,,"2026 International Conference on Artificial Intelligence, Systems, and Emerging Technologies, ICAISET 2026",2026 International Conference on Artificial Intelligence Systems and Emerging Technologies Icaiset 2026,,,,,,2026-01-01,2026,Conference Review,cr,0,Conference Proceeding,0,https://api.elsevier.com/content/abstract/scopus_id/105042171381,0,0,0,,0,,0,,0,,0,,0,,0,,0,,0,,0,,0,,0,LOW,1,,,,,,,,UNRESOLVED,,,,False,False,,D_NO_SIGNAL,,,True,,UNRESOLVED,,,,False,UNRESOLVED,,True,METADATA_OR_FULLTEXT_REQUIRED,,,,,,,False,,True,,0,D_RECALL_PROTECTION,,False,True,CONTAINER_OR_PROCEEDINGS,UNRESOLVED_RECALL_PROTECTION,,False,True
766,2-s2.0-105049702252,SCOPUS_ID:105049702252,,"Proceedings - 2026 IEEE International Conference on Artificial Intelligence Testing, AITest 2026",Proceedings 2026 IEEE International Conference on Artificial Intelligence Testing Aitest 2026,,,,,,2026-01-01,2026,Conference Review,cr,0,Conference Proceeding,0,https://api.elsevier.com/content/abstract/scopus_id/105049702252,0,0,0,,0,,0,,0,,0,,0,,0,,0,,0,,0,,0,,0,LOW,1,,,,,,,,UNRESOLVED,,,,False,False,,D_NO_SIGNAL,,,True,,UNRESOLVED,,,,False,UNRESOLVED,,True,METADATA_OR_FULLTEXT_REQUIRED,,,,,,,False,,True,,0,D_RECALL_PROTECTION,,False,True,CONTAINER_OR_PROCEEDINGS,UNRESOLVED_RECALL_PROTECTION,,False,True
773,2-s2.0-105031929021,SCOPUS_ID:105031929021,,"7th International Conference on Applied Machine Learning and Data Analytics, AMLDA 2024",Communications in Computer and Information Science,18650929,18650937,2636 CCIS,,,2026-01-01,2026,Conference Review,cr,0,Book Series,0,https://api.elsevier.com/content/abstract/scopus_id/105031929021,0,0,0,,0,,0,,0,,0,,0,,0,,0,,0,,0,,0,,0,LOW,1,,,,,,,,UNRESOLVED,,,,False,False,,D_NO_SIGNAL,,,True,,UNRESOLVED,,,,False,UNRESOLVED,,True,METADATA_OR_FULLTEXT_REQUIRED,,,,,,,False,,True,,0,D_RECALL_PROTECTION,,False,True,CONTAINER_OR_PROCEEDINGS,UNRESOLVED_RECALL_PROTECTION,,False,True
784,2-s2.0-105047510947,SCOPUS_ID:105047510947,,"9th International Conference on Intelligent Computing and Communication, ICICC 2026",Lecture Notes in Networks and Systems,23673370,23673389,2021 LNNS,,,2026-01-01,2026,Conference Review,cr,0,Book Series,0,https://api.elsevier.com/content/abstract/scopus_id/105047510947,0,0,0,,0,,0,,0,,0,,0,,0,,0,,0,,0,,0,,0,LOW,1,,,,,,,,UNRESOLVED,,,,False,False,,D_NO_SIGNAL,,,True,,UNRESOLVED,,,,False,UNRESOLVED,,True,METADATA_OR_FULLTEXT_REQUIRED,,,,,,,False,,True,,0,D_RECALL_PROTECTION,,False,True,CONTAINER_OR_PROCEEDINGS,UNRESOLVED_RECALL_PROTECTION,,False,True
789,2-s2.0-105043186800,SCOPUS_ID:105043186800,,"26th International Conference on Web Engineering, ICWE 2026",Lecture Notes in Computer Science,03029743,16113349,16625 LNCS,,,2026-01-01,2026,Conference Review,cr,0,Book Series,0,https://api.elsevier.com/content/abstract/scopus_id/105043186800,0,0,0,,0,,0,,0,,0,,0,,0,,0,,0,,0,,0,,0,LOW,1,,,,,,,,UNRESOLVED,,,,False,False,,D_NO_SIGNAL,,,True,,UNRESOLVED,,,,False,UNRESOLVED,,True,METADATA_OR_FULLTEXT_REQUIRED,,,,,,,False,,True,,0,D_RECALL_PROTECTION,,False,True,CONTAINER_OR_PROCEEDINGS,UNRESOLVED_RECALL_PROTECTION,,False,True
877,2-s2.0-105033688102,SCOPUS_ID:105033688102,,"Proceedings - 2025 40th IEEE/ACM International Conference on Automated Software Engineering Workshops, ASEW 2025",Proceedings 2025 40th IEEE ACM International Conference on Automated Software Engineering Workshops Asew 2025,,,,,,2025-01-01,2025,Conference Review,cr,0,Conference Proceeding,0,https://api.elsevier.com/content/abstract/scopus_id/105033688102,0,0,0,,0,,0,,0,,0,,0,,0,,0,,0,,0,,0,,0,LOW,1,,,,,,,,UNRESOLVED,,,,False,False,,D_NO_SIGNAL,,,True,,UNRESOLVED,,,,False,UNRESOLVED,,True,METADATA_OR_FULLTEXT_REQUIRED,,,,,,,False,,True,,0,D_RECALL_PROTECTION,,False,True,CONTAINER_OR_PROCEEDINGS,UNRESOLVED_RECALL_PROTECTION,,False,True
888,2-s2.0-105009399981,SCOPUS_ID:105009399981,,"4th International Scientific and Practical Conference on Digital and Information Technologies in Economics and Management, DITEM 2024",Lecture Notes in Networks and Systems,23673370,23673389,1422 LNNS,,,2025-01-01,2025,Conference Review,cr,0,Book Series,0,https://api.elsevier.com/content/abstract/scopus_id/105009399981,0,0,0,,0,,0,,0,,0,,0,,0,,0,,0,,0,,0,,0,LOW,1,,,,,,,,UNRESOLVED,,,,False,False,,D_NO_SIGNAL,,,True,,UNRESOLVED,,,,False,UNRESOLVED,,True,METADATA_OR_FULLTEXT_REQUIRED,,,,,,,False,,True,,0,D_RECALL_PROTECTION,,False,True,CONTAINER_OR_PROCEEDINGS,UNRESOLVED_RECALL_PROTECTION,,False,True
897,2-s2.0-85210246299,SCOPUS_ID:85210246299,,"23rd International Symposium on Knowledge and Systems Sciences, KSS 2024",Communications in Computer and Information Science,18650929,18650937,2269 CCIS,,,2025-01-01,2025,Conference Review,cr,0,Book Series,0,https://api.elsevier.com/content/abstract/scopus_id/85210246299,0,0,0,,0,,0,,0,,0,,0,,0,,0,,0,,0,,0,,0,LOW,1,,,,,,,,UNRESOLVED,,,,False,False,,D_NO_SIGNAL,,,True,,UNRESOLVED,,,,False,UNRESOLVED,,True,METADATA_OR_FULLTEXT_REQUIRED,,,,,,,False,,True,,0,D_RECALL_PROTECTION,,False,True,CONTAINER_OR_PROCEEDINGS,UNRESOLVED_RECALL_PROTECTION,,False,True
978,2-s2.0-85207225924,SCOPUS_ID:85207225924,,"A-TEST 2024 - Proceedings of the 15th ACM International Workshop on Automating Test Case Design, Selection and Evaluation, Co-located with: SSTA 2024",A Test 2024 Proceedings of the 15th ACM International Workshop on Automating Test Case Design Selection and Evaluation Co Located with Ssta 2024,,,,,,2024-09-13,13 September 2024,Conference Review,cr,0,Conference Proceeding,0,https://api.elsevier.com/content/abstract/scopus_id/85207225924,0,0,0,,0,,0,,0,,0,,0,,0,,0,,0,,0,,0,,0,LOW,1,,,,,,,,UNRESOLVED,,,,False,False,,D_NO_SIGNAL,,,True,,UNRESOLVED,,,,False,UNRESOLVED,,True,METADATA_OR_FULLTEXT_REQUIRED,,,,,,,False,,True,,0,D_RECALL_PROTECTION,,False,True,CONTAINER_OR_PROCEEDINGS,UNRESOLVED_RECALL_PROTECTION,,False,True
983,2-s2.0-105029862162,SCOPUS_ID:105029862162,,"14th Conference on Innovative Data Systems Research, CIDR 2024",14th Conference on Innovative Data Systems Research Cidr 2024,,,,,,2024-01-01,2024,Conference Review,cr,0,Conference Proceeding,0,https://api.elsevier.com/content/abstract/scopus_id/105029862162,0,0,0,,0,,0,,0,,0,,0,,0,,0,,0,,0,,0,,0,LOW,1,,,,,,,,UNRESOLVED,,,,False,False,,D_NO_SIGNAL,,,True,,UNRESOLVED,,,,False,UNRESOLVED,,True,METADATA_OR_FULLTEXT_REQUIRED,,,,,,,False,,True,,0,D_RECALL_PROTECTION,,False,True,CONTAINER_OR_PROCEEDINGS,UNRESOLVED_RECALL_PROTECTION,,False,True
