eid,doi,title,priority,PREVIOUS_STATUS,V89_RESOLVED_STATUS,V89_REASON,V89_EVIDENCE_SOURCE
2-s2.0-105029086318,10.1007/978-3-032-15632-7_5,HADA: Human-AI Agent Decision Alignment Architecture,P6_GENERAL_RECALL,CORE_REVIEW,CORE_REVIEW,"Peer-reviewed HADA implementation wraps a production credit-scoring model; objectives/KPIs/value constraints are continuously propagated, logged and versioned, and scripted scenarios demonstrate bias detection/mitigation, lineage, audit and contestability. However, the evidence describes stakeholder steering/control around decisions rather than an explicit exact-action pre-dispatch admission/revalidation gate, so CORE_REVIEW remains appropriate.",Aalto/Springer record + arXiv 2506.04253
2-s2.0-105037426584,10.1109/PESIM67009.2026.11438861,Automated Power Dispatch Architecture Based on Multi-Agent Collaboration,P6_GENERAL_RECALL,FULL_TEXT_PENDING,ADJACENT,"DMAC-PD includes a Safety Agent enforcing physical and power-stability constraints and end-to-end automation from task analysis through strategy generation. Available evidence terminates at dispatch-strategy generation and computation-tool invocation; it does not demonstrate live grid switching/dispatch commitment. Therefore it is adjacent mechanism evidence, not CORE.",IEEE PES IM 2026 DOI 10.1109/PESIM67009.2026.11438861 abstract
2-s2.0-105043753706,10.1109/CROS69211.2026.11565627,An Agentic Framework for Aerial Swarms: Integrating LLMs with the Crazyswarm2,P6_GENERAL_RECALL,FULL_TEXT_PENDING,ADJACENT,"Web-of-Drones framework performs continuous state observation, grounded tool interaction and safe actuation with runtime guardrails, but the published evaluation is ArduPilot-based simulation. It is strong embodied execution evidence without a demonstrated real-world consequential commit, so ADJACENT.",arXiv 2605.03788 / IEEE WoWMoM 2026
2-s2.0-105041164166,10.1007/978-3-032-22205-3_27,SPAR: Scalable Prioritized Agent Routing for Multi-agent Networks,P4_STATE_CHANGING_DOMAIN,FULL_TEXT_PENDING,ADJACENT,"Fault-recovery MCP framework experimentally verifies topology, transformer/bus/feeder queries and power-flow calculation for recovery-plan generation. No autonomous restoration switching or live distribution-network commit is demonstrated.","ISCAS 2026 official paper-detail page, paper 1404"
2-s2.0-105046451109,10.1007/978-3-032-31048-4_15,GenHAPI: Conversational Orchestration over MCP to Unlock Complex Legacy Workflows,P4_STATE_CHANGING_DOMAIN,FULL_TEXT_PENDING,FULL_TEXT_PENDING,"GenHAPI is explicitly a chat-to-action orchestration layer over MCP for complex legacy enterprise workflows, but public abstract/program evidence does not expose action classes, authorization semantics, or pre-commit validation. Insufficient evidence to resolve safely.",Springer AI-HCI 2026 + conference program
2-s2.0-105037886227,10.1109/SoutheastCon63549.2026.11476087,Autonomous Reliability Engineering: A Scalable Agentic AI Framework for Enterprise Infrastructure Support,P4_STATE_CHANGING_DOMAIN,FULL_TEXT_PENDING,FULL_TEXT_PENDING,"Autonomous Reliability Engineering is confirmed as a SoutheastCon 2026 paper, but accessible public sources still do not expose remediation actions, authorization gates, or post-action verification. Keep pending.",SoutheastCon 2026 program + DOI record
2-s2.0-105019302953,10.1109/CISAT66811.2025.11181948,Intelligent Automation of Network Security Operations via Intention-Driven Agents and Large Language Models,P4_STATE_CHANGING_DOMAIN,FULL_TEXT_PENDING,FULL_TEXT_PENDING,"Network-security-operations paper is confirmed, but no accessible method/full-text evidence establishes whether intention-driven agents autonomously execute remediation or validate authority/state before commit.",CISAT 2025 DOI/publication record
2-s2.0-105020826252,10.1109/MetaCom65502.2025.00070,Bridging Real and Virtual Worlds: A Blockchain-IoT-Agent Framework for the Metaverse,P4_STATE_CHANGING_DOMAIN,FULL_TEXT_PENDING,FULL_TEXT_PENDING,"Blockchain-IoT-agent framework is confirmed as a primary MetaCom paper bridging real and virtual systems, but accessible sources do not establish agent action semantics or runtime validity checks.",MetaCom 2025 proceedings + DOI record
2-s2.0-105048882357,10.1109/ICOCN70692.2026.11656233,AI-Enhanced Management and Control (MC) Architecture for Multi-Layer and Multi-Domain Optical Networks,P4_STATE_CHANGING_DOMAIN,FULL_TEXT_PENDING,FULL_TEXT_PENDING,"Optical-network architecture uses LLMs, A2A task orchestration and MCP tool invocation for multi-layer/multi-domain management and control, but available summary does not establish actual live configuration commits or an explicit pre-commit revalidation mechanism.",ICOCN 2026 DOI/public summary
