eid,screening_status,mechanism_family,primary_boundary,implementation_maturity,application_domain
2-s2.0-105042186450,CORE,MULTI_AGENT_VALIDATION_ADJUDICATION,PROPOSAL_TO_VALIDATED_DECISION,IMPLEMENTED_OR_EMPIRICALLY_DEMONSTRATED,GENERAL_AGENTIC_AI_OR_OTHER
2-s2.0-105044707943,CORE,MULTI_AGENT_VALIDATION_ADJUDICATION,PROPOSAL_TO_VALIDATED_DECISION,IMPLEMENTED_OR_EMPIRICALLY_DEMONSTRATED,CYBERSECURITY_NETWORK_CLOUD
2-s2.0-105040390651,CORE,MULTI_AGENT_VALIDATION_ADJUDICATION,PROPOSAL_TO_VALIDATED_DECISION,IMPLEMENTED_OR_EMPIRICALLY_DEMONSTRATED,GENERAL_AGENTIC_AI_OR_OTHER
2-s2.0-105038671123,CORE,POLICY_DETERMINISTIC_GUARDRAIL,PROPOSAL_TO_VALIDATED_DECISION,IMPLEMENTED_OR_EMPIRICALLY_DEMONSTRATED,GENERAL_AGENTIC_AI_OR_OTHER
2-s2.0-105038671123,CORE,MULTI_AGENT_VALIDATION_ADJUDICATION,PROPOSAL_TO_VALIDATED_DECISION,IMPLEMENTED_OR_EMPIRICALLY_DEMONSTRATED,GENERAL_AGENTIC_AI_OR_OTHER
2-s2.0-105051597549,CORE_REVIEW,CRYPTO_PROVENANCE_INTEGRITY,DECISION_TO_TOOL_OR_EXTERNAL_EFFECT,ARCHITECTURAL_CONCEPTUAL_OR_INSUFFICIENTLY_VALIDATED,CYBERSECURITY_NETWORK_CLOUD
2-s2.0-105051597549,CORE_REVIEW,GOVERNED_COMMIT_EXECUTION,DECISION_TO_TOOL_OR_EXTERNAL_EFFECT,ARCHITECTURAL_CONCEPTUAL_OR_INSUFFICIENTLY_VALIDATED,CYBERSECURITY_NETWORK_CLOUD
2-s2.0-105051597549,CORE_REVIEW,TRUST_NEGOTIATION_PROTOCOL_GOVERNANCE,DECISION_TO_TOOL_OR_EXTERNAL_EFFECT,ARCHITECTURAL_CONCEPTUAL_OR_INSUFFICIENTLY_VALIDATED,CYBERSECURITY_NETWORK_CLOUD
2-s2.0-105051565614,CORE_REVIEW,MECHANISM_NOT_SPECIFIED_IN_FROZEN_EVIDENCE,BOUNDARY_NOT_SPECIFIED_IN_FROZEN_EVIDENCE,ARCHITECTURAL_CONCEPTUAL_OR_INSUFFICIENTLY_VALIDATED,INDUSTRIAL_MANUFACTURING_MINING
2-s2.0-105037852595,CORE_REVIEW,MECHANISM_NOT_SPECIFIED_IN_FROZEN_EVIDENCE,PROPOSAL_TO_VALIDATED_DECISION,ARCHITECTURAL_CONCEPTUAL_OR_INSUFFICIENTLY_VALIDATED,CYBERSECURITY_NETWORK_CLOUD
2-s2.0-105048240037,CORE_REVIEW,MECHANISM_NOT_SPECIFIED_IN_FROZEN_EVIDENCE,BOUNDARY_NOT_SPECIFIED_IN_FROZEN_EVIDENCE,ARCHITECTURAL_CONCEPTUAL_OR_INSUFFICIENTLY_VALIDATED,CYBERSECURITY_NETWORK_CLOUD
2-s2.0-105048617604,CORE_REVIEW,MECHANISM_NOT_SPECIFIED_IN_FROZEN_EVIDENCE,PROPOSAL_TO_VALIDATED_DECISION,ARCHITECTURAL_CONCEPTUAL_OR_INSUFFICIENTLY_VALIDATED,GENERAL_AGENTIC_AI_OR_OTHER
2-s2.0-105046222714,CORE_REVIEW,MECHANISM_NOT_SPECIFIED_IN_FROZEN_EVIDENCE,BOUNDARY_NOT_SPECIFIED_IN_FROZEN_EVIDENCE,ARCHITECTURAL_CONCEPTUAL_OR_INSUFFICIENTLY_VALIDATED,FINANCE_ENTERPRISE
2-s2.0-105044304194,CORE_REVIEW,MECHANISM_NOT_SPECIFIED_IN_FROZEN_EVIDENCE,BOUNDARY_NOT_SPECIFIED_IN_FROZEN_EVIDENCE,ARCHITECTURAL_CONCEPTUAL_OR_INSUFFICIENTLY_VALIDATED,GENERAL_AGENTIC_AI_OR_OTHER
2-s2.0-105045277118,CORE_REVIEW,CRYPTO_PROVENANCE_INTEGRITY,DECISION_TO_TOOL_OR_EXTERNAL_EFFECT,ARCHITECTURAL_CONCEPTUAL_OR_INSUFFICIENTLY_VALIDATED,CYBERSECURITY_NETWORK_CLOUD
2-s2.0-105045277118,CORE_REVIEW,GOVERNED_COMMIT_EXECUTION,DECISION_TO_TOOL_OR_EXTERNAL_EFFECT,ARCHITECTURAL_CONCEPTUAL_OR_INSUFFICIENTLY_VALIDATED,CYBERSECURITY_NETWORK_CLOUD
2-s2.0-105041409687,CORE_REVIEW,MECHANISM_NOT_SPECIFIED_IN_FROZEN_EVIDENCE,BOUNDARY_NOT_SPECIFIED_IN_FROZEN_EVIDENCE,ARCHITECTURAL_CONCEPTUAL_OR_INSUFFICIENTLY_VALIDATED,HEALTH_CLINICAL_CARE
2-s2.0-105040808818,CORE_REVIEW,TRUST_NEGOTIATION_PROTOCOL_GOVERNANCE,BOUNDARY_NOT_SPECIFIED_IN_FROZEN_EVIDENCE,ARCHITECTURAL_CONCEPTUAL_OR_INSUFFICIENTLY_VALIDATED,CYBERSECURITY_NETWORK_CLOUD
2-s2.0-105043259250,CORE_REVIEW,MECHANISM_NOT_SPECIFIED_IN_FROZEN_EVIDENCE,BOUNDARY_NOT_SPECIFIED_IN_FROZEN_EVIDENCE,ARCHITECTURAL_CONCEPTUAL_OR_INSUFFICIENTLY_VALIDATED,CYBERSECURITY_NETWORK_CLOUD
2-s2.0-105025885742,CORE,EFFECT_VERIFICATION_RECOVERY,PROPOSAL_TO_VALIDATED_DECISION,IMPLEMENTED_OR_EMPIRICALLY_DEMONSTRATED,CYBERSECURITY_NETWORK_CLOUD
2-s2.0-105040193224,CORE,CRYPTO_PROVENANCE_INTEGRITY,CAPABILITY_OR_CONTEXT_TO_TRUSTED_EXECUTION,IMPLEMENTED_OR_EMPIRICALLY_DEMONSTRATED,CYBERSECURITY_NETWORK_CLOUD
2-s2.0-105038115790,CORE_REVIEW,MECHANISM_NOT_SPECIFIED_IN_FROZEN_EVIDENCE,BOUNDARY_NOT_SPECIFIED_IN_FROZEN_EVIDENCE,ARCHITECTURAL_CONCEPTUAL_OR_INSUFFICIENTLY_VALIDATED,HEALTH_CLINICAL_CARE
2-s2.0-105037939933,CORE_REVIEW,MECHANISM_NOT_SPECIFIED_IN_FROZEN_EVIDENCE,BOUNDARY_NOT_SPECIFIED_IN_FROZEN_EVIDENCE,ARCHITECTURAL_CONCEPTUAL_OR_INSUFFICIENTLY_VALIDATED,GENERAL_AGENTIC_AI_OR_OTHER
2-s2.0-105032191930,CORE_REVIEW,POLICY_DETERMINISTIC_GUARDRAIL,CAPABILITY_OR_CONTEXT_TO_TRUSTED_EXECUTION,ARCHITECTURAL_CONCEPTUAL_OR_INSUFFICIENTLY_VALIDATED,CYBERSECURITY_NETWORK_CLOUD
2-s2.0-105032191930,CORE_REVIEW,CRYPTO_PROVENANCE_INTEGRITY,CAPABILITY_OR_CONTEXT_TO_TRUSTED_EXECUTION,ARCHITECTURAL_CONCEPTUAL_OR_INSUFFICIENTLY_VALIDATED,CYBERSECURITY_NETWORK_CLOUD
2-s2.0-105031415121,CORE,AUTHORITY_CONSENT_GATE,AUTHORITY_TO_ACTION,IMPLEMENTED_OR_EMPIRICALLY_DEMONSTRATED,HEALTH_CLINICAL_CARE
2-s2.0-105031415121,CORE,POLICY_DETERMINISTIC_GUARDRAIL,AUTHORITY_TO_ACTION,IMPLEMENTED_OR_EMPIRICALLY_DEMONSTRATED,HEALTH_CLINICAL_CARE
2-s2.0-105031415121,CORE,STATE_PREMISE_REVALIDATION,AUTHORITY_TO_ACTION,IMPLEMENTED_OR_EMPIRICALLY_DEMONSTRATED,HEALTH_CLINICAL_CARE
2-s2.0-105045144821,CORE_REVIEW,MULTI_AGENT_VALIDATION_ADJUDICATION,PROPOSAL_TO_VALIDATED_DECISION,ARCHITECTURAL_CONCEPTUAL_OR_INSUFFICIENTLY_VALIDATED,CYBERSECURITY_NETWORK_CLOUD
2-s2.0-105045849087,CORE_REVIEW,MECHANISM_NOT_SPECIFIED_IN_FROZEN_EVIDENCE,DECISION_TO_TOOL_OR_EXTERNAL_EFFECT,ARCHITECTURAL_CONCEPTUAL_OR_INSUFFICIENTLY_VALIDATED,CYBERSECURITY_NETWORK_CLOUD
2-s2.0-105020571939,CORE_REVIEW,TRUST_NEGOTIATION_PROTOCOL_GOVERNANCE,BOUNDARY_NOT_SPECIFIED_IN_FROZEN_EVIDENCE,ARCHITECTURAL_CONCEPTUAL_OR_INSUFFICIENTLY_VALIDATED,CYBERSECURITY_NETWORK_CLOUD
2-s2.0-105046100037,CORE_REVIEW,MECHANISM_NOT_SPECIFIED_IN_FROZEN_EVIDENCE,PROPOSAL_TO_VALIDATED_DECISION,ARCHITECTURAL_CONCEPTUAL_OR_INSUFFICIENTLY_VALIDATED,CYBERSECURITY_NETWORK_CLOUD
2-s2.0-105044118005,CORE_REVIEW,TRUST_NEGOTIATION_PROTOCOL_GOVERNANCE,DECISION_TO_TOOL_OR_EXTERNAL_EFFECT,ARCHITECTURAL_CONCEPTUAL_OR_INSUFFICIENTLY_VALIDATED,SOFTWARE_ENGINEERING
2-s2.0-105037801666,CORE_REVIEW,TRUST_NEGOTIATION_PROTOCOL_GOVERNANCE,DECISION_TO_TOOL_OR_EXTERNAL_EFFECT,ARCHITECTURAL_CONCEPTUAL_OR_INSUFFICIENTLY_VALIDATED,CYBERSECURITY_NETWORK_CLOUD
2-s2.0-105037451073,CORE_REVIEW,BIAS_FAIRNESS_VALUE_CONSTRAINT,DECISION_TO_TOOL_OR_EXTERNAL_EFFECT,ARCHITECTURAL_CONCEPTUAL_OR_INSUFFICIENTLY_VALIDATED,CYBERSECURITY_NETWORK_CLOUD
2-s2.0-105037852950,CORE_REVIEW,MECHANISM_NOT_SPECIFIED_IN_FROZEN_EVIDENCE,BOUNDARY_NOT_SPECIFIED_IN_FROZEN_EVIDENCE,ARCHITECTURAL_CONCEPTUAL_OR_INSUFFICIENTLY_VALIDATED,GENERAL_AGENTIC_AI_OR_OTHER
2-s2.0-105046391965,CORE_REVIEW,AUTHORITY_CONSENT_GATE,AUTHORITY_TO_ACTION,ARCHITECTURAL_CONCEPTUAL_OR_INSUFFICIENTLY_VALIDATED,CYBERSECURITY_NETWORK_CLOUD
2-s2.0-105046391965,CORE_REVIEW,STATE_PREMISE_REVALIDATION,AUTHORITY_TO_ACTION,ARCHITECTURAL_CONCEPTUAL_OR_INSUFFICIENTLY_VALIDATED,CYBERSECURITY_NETWORK_CLOUD
2-s2.0-105029086318,CORE_REVIEW,POLICY_DETERMINISTIC_GUARDRAIL,PROPOSAL_TO_VALIDATED_DECISION,ARCHITECTURAL_CONCEPTUAL_OR_INSUFFICIENTLY_VALIDATED,FINANCE_ENTERPRISE
2-s2.0-105029086318,CORE_REVIEW,STATE_PREMISE_REVALIDATION,PROPOSAL_TO_VALIDATED_DECISION,ARCHITECTURAL_CONCEPTUAL_OR_INSUFFICIENTLY_VALIDATED,FINANCE_ENTERPRISE
2-s2.0-105029086318,CORE_REVIEW,BIAS_FAIRNESS_VALUE_CONSTRAINT,PROPOSAL_TO_VALIDATED_DECISION,ARCHITECTURAL_CONCEPTUAL_OR_INSUFFICIENTLY_VALIDATED,FINANCE_ENTERPRISE
2-s2.0-105044540969,CORE_REVIEW,TRUST_NEGOTIATION_PROTOCOL_GOVERNANCE,DECISION_TO_TOOL_OR_EXTERNAL_EFFECT,ARCHITECTURAL_CONCEPTUAL_OR_INSUFFICIENTLY_VALIDATED,CYBERSECURITY_NETWORK_CLOUD
2-s2.0-105041277674,CORE_REVIEW,MECHANISM_NOT_SPECIFIED_IN_FROZEN_EVIDENCE,PROPOSAL_TO_VALIDATED_DECISION,ARCHITECTURAL_CONCEPTUAL_OR_INSUFFICIENTLY_VALIDATED,GENERAL_AGENTIC_AI_OR_OTHER
2-s2.0-105046783437,CORE_REVIEW,MECHANISM_NOT_SPECIFIED_IN_FROZEN_EVIDENCE,BOUNDARY_NOT_SPECIFIED_IN_FROZEN_EVIDENCE,ARCHITECTURAL_CONCEPTUAL_OR_INSUFFICIENTLY_VALIDATED,GENERAL_AGENTIC_AI_OR_OTHER
2-s2.0-105047531139,CORE_REVIEW,MECHANISM_NOT_SPECIFIED_IN_FROZEN_EVIDENCE,BOUNDARY_NOT_SPECIFIED_IN_FROZEN_EVIDENCE,ARCHITECTURAL_CONCEPTUAL_OR_INSUFFICIENTLY_VALIDATED,ROBOTICS_AUTONOMOUS_PHYSICAL
2-s2.0-105046212335,CORE_REVIEW,MULTI_AGENT_VALIDATION_ADJUDICATION,DECISION_TO_TOOL_OR_EXTERNAL_EFFECT,ARCHITECTURAL_CONCEPTUAL_OR_INSUFFICIENTLY_VALIDATED,CYBERSECURITY_NETWORK_CLOUD
2-s2.0-105041747984,CORE_REVIEW,MULTI_AGENT_VALIDATION_ADJUDICATION,PROPOSAL_TO_VALIDATED_DECISION,ARCHITECTURAL_CONCEPTUAL_OR_INSUFFICIENTLY_VALIDATED,GENERAL_AGENTIC_AI_OR_OTHER
2-s2.0-105046096288,CORE_REVIEW,MECHANISM_NOT_SPECIFIED_IN_FROZEN_EVIDENCE,BOUNDARY_NOT_SPECIFIED_IN_FROZEN_EVIDENCE,ARCHITECTURAL_CONCEPTUAL_OR_INSUFFICIENTLY_VALIDATED,GENERAL_AGENTIC_AI_OR_OTHER
2-s2.0-105048865035,CORE_REVIEW,TRUST_NEGOTIATION_PROTOCOL_GOVERNANCE,DECISION_TO_TOOL_OR_EXTERNAL_EFFECT,ARCHITECTURAL_CONCEPTUAL_OR_INSUFFICIENTLY_VALIDATED,GENERAL_AGENTIC_AI_OR_OTHER
2-s2.0-105047827889,CORE_REVIEW,MULTI_AGENT_VALIDATION_ADJUDICATION,PROPOSAL_TO_VALIDATED_DECISION,ARCHITECTURAL_CONCEPTUAL_OR_INSUFFICIENTLY_VALIDATED,CYBERSECURITY_NETWORK_CLOUD
2-s2.0-105047022862,CORE_REVIEW,MULTI_AGENT_VALIDATION_ADJUDICATION,PROPOSAL_TO_VALIDATED_DECISION,ARCHITECTURAL_CONCEPTUAL_OR_INSUFFICIENTLY_VALIDATED,CYBERSECURITY_NETWORK_CLOUD
2-s2.0-105023499910,CORE_REVIEW,MULTI_AGENT_VALIDATION_ADJUDICATION,PROPOSAL_TO_VALIDATED_DECISION,ARCHITECTURAL_CONCEPTUAL_OR_INSUFFICIENTLY_VALIDATED,CYBERSECURITY_NETWORK_CLOUD
2-s2.0-105036233162,CORE,POLICY_DETERMINISTIC_GUARDRAIL,PROPOSAL_TO_VALIDATED_DECISION,IMPLEMENTED_OR_EMPIRICALLY_DEMONSTRATED,CYBERSECURITY_NETWORK_CLOUD
2-s2.0-105036233162,CORE,SEMANTIC_ONTOLOGY_VALIDATION,PROPOSAL_TO_VALIDATED_DECISION,IMPLEMENTED_OR_EMPIRICALLY_DEMONSTRATED,CYBERSECURITY_NETWORK_CLOUD
2-s2.0-105036233162,CORE,CRYPTO_PROVENANCE_INTEGRITY,PROPOSAL_TO_VALIDATED_DECISION,IMPLEMENTED_OR_EMPIRICALLY_DEMONSTRATED,CYBERSECURITY_NETWORK_CLOUD
2-s2.0-105037886227,CORE_REVIEW,AUTHORITY_CONSENT_GATE,AUTHORITY_TO_ACTION,ARCHITECTURAL_CONCEPTUAL_OR_INSUFFICIENTLY_VALIDATED,FINANCE_ENTERPRISE
2-s2.0-105037886227,CORE_REVIEW,EFFECT_VERIFICATION_RECOVERY,AUTHORITY_TO_ACTION,ARCHITECTURAL_CONCEPTUAL_OR_INSUFFICIENTLY_VALIDATED,FINANCE_ENTERPRISE
2-s2.0-105050725990,CORE,POLICY_DETERMINISTIC_GUARDRAIL,DECISION_TO_TOOL_OR_EXTERNAL_EFFECT,IMPLEMENTED_OR_EMPIRICALLY_DEMONSTRATED,CYBERSECURITY_NETWORK_CLOUD
2-s2.0-105050725990,CORE,STATE_PREMISE_REVALIDATION,DECISION_TO_TOOL_OR_EXTERNAL_EFFECT,IMPLEMENTED_OR_EMPIRICALLY_DEMONSTRATED,CYBERSECURITY_NETWORK_CLOUD
2-s2.0-105050725990,CORE,GOVERNED_COMMIT_EXECUTION,DECISION_TO_TOOL_OR_EXTERNAL_EFFECT,IMPLEMENTED_OR_EMPIRICALLY_DEMONSTRATED,CYBERSECURITY_NETWORK_CLOUD
2-s2.0-105027989686,CORE,AUTHORITY_CONSENT_GATE,AUTHORITY_TO_ACTION,IMPLEMENTED_OR_EMPIRICALLY_DEMONSTRATED,CYBERSECURITY_NETWORK_CLOUD
2-s2.0-105044848911,CORE,POLICY_DETERMINISTIC_GUARDRAIL,PROPOSAL_TO_VALIDATED_DECISION,IMPLEMENTED_OR_EMPIRICALLY_DEMONSTRATED,CYBERSECURITY_NETWORK_CLOUD
2-s2.0-105044848911,CORE,MULTI_AGENT_VALIDATION_ADJUDICATION,PROPOSAL_TO_VALIDATED_DECISION,IMPLEMENTED_OR_EMPIRICALLY_DEMONSTRATED,CYBERSECURITY_NETWORK_CLOUD
2-s2.0-105049192802,CORE,MECHANISM_NOT_SPECIFIED_IN_FROZEN_EVIDENCE,PROPOSAL_TO_VALIDATED_DECISION,IMPLEMENTED_OR_EMPIRICALLY_DEMONSTRATED,SOFTWARE_ENGINEERING
2-s2.0-105028272640,CORE_REVIEW,MECHANISM_NOT_SPECIFIED_IN_FROZEN_EVIDENCE,BOUNDARY_NOT_SPECIFIED_IN_FROZEN_EVIDENCE,ARCHITECTURAL_CONCEPTUAL_OR_INSUFFICIENTLY_VALIDATED,CYBERSECURITY_NETWORK_CLOUD
2-s2.0-105021474333,CORE_REVIEW,AUTHORITY_CONSENT_GATE,BOUNDARY_NOT_SPECIFIED_IN_FROZEN_EVIDENCE,ARCHITECTURAL_CONCEPTUAL_OR_INSUFFICIENTLY_VALIDATED,CYBERSECURITY_NETWORK_CLOUD
2-s2.0-105024943262,CORE_REVIEW,MECHANISM_NOT_SPECIFIED_IN_FROZEN_EVIDENCE,BOUNDARY_NOT_SPECIFIED_IN_FROZEN_EVIDENCE,ARCHITECTURAL_CONCEPTUAL_OR_INSUFFICIENTLY_VALIDATED,CYBERSECURITY_NETWORK_CLOUD
2-s2.0-105014316862,CORE,POLICY_DETERMINISTIC_GUARDRAIL,DECISION_TO_TOOL_OR_EXTERNAL_EFFECT,IMPLEMENTED_OR_EMPIRICALLY_DEMONSTRATED,GENERAL_AGENTIC_AI_OR_OTHER
2-s2.0-105014316862,CORE,GOVERNED_COMMIT_EXECUTION,DECISION_TO_TOOL_OR_EXTERNAL_EFFECT,IMPLEMENTED_OR_EMPIRICALLY_DEMONSTRATED,GENERAL_AGENTIC_AI_OR_OTHER
2-s2.0-105014316862,CORE,BIAS_FAIRNESS_VALUE_CONSTRAINT,DECISION_TO_TOOL_OR_EXTERNAL_EFFECT,IMPLEMENTED_OR_EMPIRICALLY_DEMONSTRATED,GENERAL_AGENTIC_AI_OR_OTHER
2-s2.0-105022306043,CORE_REVIEW,TRUST_NEGOTIATION_PROTOCOL_GOVERNANCE,DECISION_TO_TOOL_OR_EXTERNAL_EFFECT,ARCHITECTURAL_CONCEPTUAL_OR_INSUFFICIENTLY_VALIDATED,CYBERSECURITY_NETWORK_CLOUD
2-s2.0-105036371306,CORE_REVIEW,BIAS_FAIRNESS_VALUE_CONSTRAINT,BOUNDARY_NOT_SPECIFIED_IN_FROZEN_EVIDENCE,ARCHITECTURAL_CONCEPTUAL_OR_INSUFFICIENTLY_VALIDATED,CYBERSECURITY_NETWORK_CLOUD
2-s2.0-105036002566,CORE_REVIEW,MULTI_AGENT_VALIDATION_ADJUDICATION,PROPOSAL_TO_VALIDATED_DECISION,ARCHITECTURAL_CONCEPTUAL_OR_INSUFFICIENTLY_VALIDATED,CYBERSECURITY_NETWORK_CLOUD
2-s2.0-105035991750,CORE_REVIEW,AUTHORITY_CONSENT_GATE,AUTHORITY_TO_ACTION,ARCHITECTURAL_CONCEPTUAL_OR_INSUFFICIENTLY_VALIDATED,CYBERSECURITY_NETWORK_CLOUD
2-s2.0-105035991750,CORE_REVIEW,GOVERNED_COMMIT_EXECUTION,AUTHORITY_TO_ACTION,ARCHITECTURAL_CONCEPTUAL_OR_INSUFFICIENTLY_VALIDATED,CYBERSECURITY_NETWORK_CLOUD
2-s2.0-105035991750,CORE_REVIEW,TRUST_NEGOTIATION_PROTOCOL_GOVERNANCE,AUTHORITY_TO_ACTION,ARCHITECTURAL_CONCEPTUAL_OR_INSUFFICIENTLY_VALIDATED,CYBERSECURITY_NETWORK_CLOUD
2-s2.0-105039526362,CORE_REVIEW,MULTI_AGENT_VALIDATION_ADJUDICATION,PROPOSAL_TO_VALIDATED_DECISION,ARCHITECTURAL_CONCEPTUAL_OR_INSUFFICIENTLY_VALIDATED,CYBERSECURITY_NETWORK_CLOUD
2-s2.0-105020826252,CORE_REVIEW,MECHANISM_NOT_SPECIFIED_IN_FROZEN_EVIDENCE,BOUNDARY_NOT_SPECIFIED_IN_FROZEN_EVIDENCE,ARCHITECTURAL_CONCEPTUAL_OR_INSUFFICIENTLY_VALIDATED,GENERAL_AGENTIC_AI_OR_OTHER
