domain,group,n_records,denominator,percent_records
CYBERSECURITY_NETWORK_CLOUD,CORE,7,13,53.8
CYBERSECURITY_NETWORK_CLOUD,CORE_REVIEW,27,45,60.0
CYBERSECURITY_NETWORK_CLOUD,ALL_58,34,58,58.6
FINANCE_ENTERPRISE,CORE,0,13,0.0
FINANCE_ENTERPRISE,CORE_REVIEW,3,45,6.7
FINANCE_ENTERPRISE,ALL_58,3,58,5.2
GENERAL_AGENTIC_AI_OR_OTHER,CORE,4,13,30.8
GENERAL_AGENTIC_AI_OR_OTHER,CORE_REVIEW,10,45,22.2
GENERAL_AGENTIC_AI_OR_OTHER,ALL_58,14,58,24.1
HEALTH_CLINICAL_CARE,CORE,1,13,7.7
HEALTH_CLINICAL_CARE,CORE_REVIEW,2,45,4.4
HEALTH_CLINICAL_CARE,ALL_58,3,58,5.2
INDUSTRIAL_MANUFACTURING_MINING,CORE,0,13,0.0
INDUSTRIAL_MANUFACTURING_MINING,CORE_REVIEW,1,45,2.2
INDUSTRIAL_MANUFACTURING_MINING,ALL_58,1,58,1.7
ROBOTICS_AUTONOMOUS_PHYSICAL,CORE,0,13,0.0
ROBOTICS_AUTONOMOUS_PHYSICAL,CORE_REVIEW,1,45,2.2
ROBOTICS_AUTONOMOUS_PHYSICAL,ALL_58,1,58,1.7
SOFTWARE_ENGINEERING,CORE,1,13,7.7
SOFTWARE_ENGINEERING,CORE_REVIEW,1,45,2.2
SOFTWARE_ENGINEERING,ALL_58,2,58,3.4
