mechanism,CYBERSECURITY_NETWORK_CLOUD,FINANCE_ENTERPRISE,GENERAL_AGENTIC_AI_OR_OTHER,HEALTH_CLINICAL_CARE,SOFTWARE_ENGINEERING,TOTAL_INCIDENCE_RECORDS
MULTI_AGENT_VALIDATION_ADJUDICATION,12,0,4,0,0,16
POLICY_DETERMINISTIC_GUARDRAIL,7,1,3,1,1,13
TRUST_NEGOTIATION_PROTOCOL_GOVERNANCE,8,0,3,0,1,12
AUTHORITY_CONSENT_GATE,4,2,0,1,0,7
GOVERNED_COMMIT_EXECUTION,6,0,1,0,0,7
CRYPTO_PROVENANCE_INTEGRITY,6,0,1,0,0,7
STATE_PREMISE_REVALIDATION,2,1,0,1,1,5
BIAS_FAIRNESS_VALUE_CONSTRAINT,2,1,1,0,0,4
EFFECT_VERIFICATION_RECOVERY,1,1,1,0,0,3
SEMANTIC_ONTOLOGY_VALIDATION,1,0,0,0,1,2
