mechanism,CORE_n,CORE_pct_N13,CORE_REVIEW_n,CORE_REVIEW_pct_N45,ALL_n,ALL_pct_N58
MULTI_AGENT_VALIDATION_ADJUDICATION,5,38.5,11,24.4,16,27.6
POLICY_DETERMINISTIC_GUARDRAIL,7,53.8,6,13.3,13,22.4
TRUST_NEGOTIATION_PROTOCOL_GOVERNANCE,0,0.0,12,26.7,12,20.7
GOVERNED_COMMIT_EXECUTION,2,15.4,5,11.1,7,12.1
AUTHORITY_CONSENT_GATE,2,15.4,5,11.1,7,12.1
CRYPTO_PROVENANCE_INTEGRITY,2,15.4,5,11.1,7,12.1
STATE_PREMISE_REVALIDATION,3,23.1,2,4.4,5,8.6
EFFECT_VERIFICATION_RECOVERY,1,7.7,2,4.4,3,5.2
SEMANTIC_ONTOLOGY_VALIDATION,2,15.4,0,0.0,2,3.4
