mechanism,AUTHORITY_TO_ACTION,CAPABILITY_OR_CONTEXT_TO_TRUSTED_EXECUTION,DECISION_TO_TOOL_OR_EXTERNAL_EFFECT,EFFECT_TO_VERIFIED_OR_RESTORED_STATE,NO_PRIMARY_VALIDATED_DECISION_EFFECT_BOUNDARY,PRIMARY_BOUNDARY_NOT_VERIFIABLE_FROM_AVAILABLE_EVIDENCE,PROPOSAL_TO_VALIDATED_DECISION,TOTAL_INCIDENCE_RECORDS
MULTI_AGENT_VALIDATION_ADJUDICATION,0,0,3,0,0,0,13,16
POLICY_DETERMINISTIC_GUARDRAIL,2,1,4,0,1,0,5,13
TRUST_NEGOTIATION_PROTOCOL_GOVERNANCE,1,1,6,0,2,1,1,12
AUTHORITY_CONSENT_GATE,7,0,0,0,0,0,0,7
GOVERNED_COMMIT_EXECUTION,1,0,6,0,0,0,0,7
CRYPTO_PROVENANCE_INTEGRITY,0,4,2,0,0,0,1,7
STATE_PREMISE_REVALIDATION,2,0,1,0,0,0,2,5
BIAS_FAIRNESS_VALUE_CONSTRAINT,0,0,2,0,1,0,1,4
EFFECT_VERIFICATION_RECOVERY,1,0,0,1,0,0,1,3
SEMANTIC_ONTOLOGY_VALIDATION,0,0,0,0,0,0,2,2
