maturity,group,n_records,denominator,percent_records
ARCHITECTURAL_CONCEPTUAL_OR_INSUFFICIENTLY_VALIDATED,CORE,0,13,0.0
ARCHITECTURAL_CONCEPTUAL_OR_INSUFFICIENTLY_VALIDATED,CORE_REVIEW,42,45,93.3
ARCHITECTURAL_CONCEPTUAL_OR_INSUFFICIENTLY_VALIDATED,ALL_58,42,58,72.4
IMPLEMENTED_BUT_COMMIT_BOUNDARY_NOT_FULLY_VALIDATED,CORE,0,13,0.0
IMPLEMENTED_BUT_COMMIT_BOUNDARY_NOT_FULLY_VALIDATED,CORE_REVIEW,3,45,6.7
IMPLEMENTED_BUT_COMMIT_BOUNDARY_NOT_FULLY_VALIDATED,ALL_58,3,58,5.2
IMPLEMENTED_OR_EMPIRICALLY_DEMONSTRATED,CORE,13,13,100.0
IMPLEMENTED_OR_EMPIRICALLY_DEMONSTRATED,CORE_REVIEW,0,45,0.0
IMPLEMENTED_OR_EMPIRICALLY_DEMONSTRATED,ALL_58,13,58,22.4
